date,price,ret
2021-01-01,199.61573161742416,0.0
2021-01-02,201.1211132879239,0.007541397956474016
2021-01-03,200.53452053944878,-0.002916614466206502
2021-01-04,199.84296100974865,-0.0034485809617207375
2021-01-05,199.23665518123573,-0.003033911354442642
2021-01-06,199.19782438458216,-0.00019489785460535813
2021-01-07,199.47057371673066,0.001369238509462356
2021-01-08,199.1191665676598,-0.001761699194638644
2021-01-09,199.64129486655733,0.002622190057832041
2021-01-10,200.1220569279881,0.0024081293489510713
2021-01-11,201.69149998251814,0.007842429158594788
2021-01-12,200.99971298946144,-0.0034299263633651433
2021-01-13,201.91683297099988,0.004562792493074452
2021-01-14,201.9027003285673,-6.999239352467601e-05
2021-01-15,202.7362516646805,0.004128480375729104
2021-01-16,203.36719582885445,0.0031121427914011512
2021-01-17,201.37628717254074,-0.009789723697568142
2021-01-18,201.87132662971857,0.002458280784339184
2021-01-19,200.5816388342291,-0.006388662605140927
2021-01-20,201.28965787017333,0.0035298297494188446
2021-01-21,201.7343266973677,0.0022090992249643726
2021-01-22,201.65368184358255,-0.00039975771652445147
2021-01-23,202.4311983338861,0.0038557019301370676
2021-01-24,203.02100628432186,0.0029136217899718986
2021-01-25,204.33852417399112,0.006489564374556167
2021-01-26,203.14812024874644,-0.005825646094179793
2021-01-27,204.03311827835813,0.004356417517070943
2021-01-28,203.48987370194268,-0.002662531362552123
2021-01-29,203.58989362533046,0.0004915228535364857
2021-01-30,203.38706422523867,-0.0009962645811144588
2021-01-31,203.36565124591635,-0.00010528191359604477
2021-02-01,203.87706653080141,0.002514757441838711
2021-02-02,203.76687001906097,-0.0005405046953811388
2021-02-03,202.4813412778845,-0.0063088211594761745
2021-02-04,204.62932669346313,0.010608312855013846
2021-02-05,204.84261386804877,0.001042309907539174
2021-02-06,204.69510563735028,-0.0007201051964388361
2021-02-07,205.77610299494418,0.0052810122363602385
2021-02-08,205.5469668538136,-0.0011135216276120241
2021-02-09,205.07665125178588,-0.002288117451824001
2021-02-10,206.9241829960192,0.009008981436726238
2021-02-11,206.7149631478257,-0.001011094233473564
2021-02-12,208.48181166553115,0.008547269587068751
2021-02-13,210.80643898934474,0.011150264405525245
2021-02-14,209.62160386257932,-0.005620488313572425
2021-02-15,208.1619316836203,-0.006963367096055273
2021-02-16,208.17540069762583,6.470450142637141e-05
2021-02-17,209.3644653220213,0.005711840209797758
2021-02-18,208.72883642807307,-0.0030359922490694746
2021-02-19,208.25418669641502,-0.002274001713326368
2021-02-20,206.90627378511644,-0.006472440879488839
2021-02-21,208.2576311836853,0.006531253856382868
2021-02-22,207.50468288024118,-0.0036154656094211646
2021-02-23,206.61376563802065,-0.004293480175262876
2021-02-24,207.5977160608248,0.004762269443982836
2021-02-25,208.37431642181284,0.0037408906789730967
2021-02-26,208.557084989707,0.0008771165805490089
2021-02-27,207.57154124582752,-0.00472553470877346
2021-02-28,207.29689349626207,-0.0013231474214482342
2021-03-01,206.7084957911761,-0.0028384299212693698
2021-03-02,206.49244429438332,-0.0010451989211466284
2021-03-03,207.68305369304525,0.0057658739172294915
2021-03-04,208.20642339149853,0.0025200404613985317
2021-03-05,206.99628383126645,-0.005812210500137249
2021-03-06,205.58147929186333,-0.006834927242251432
2021-03-07,205.95811781603268,0.0018320644713070156
2021-03-08,206.54897956411585,0.002868844182247532
2021-03-09,205.90127008235226,-0.003135863866916555
2021-03-10,204.93804484425473,-0.004678092746646323
2021-03-11,203.30822610858073,-0.007952738774845924
2021-03-12,204.1082104874143,0.003934835270297032
2021-03-13,204.67165924999807,0.002760539427778319
2021-03-14,205.1732557024067,0.002450737216118215
2021-03-15,205.78305323972648,0.0029721102549753464
2021-03-16,205.3281498476787,-0.0022105969606633913
2021-03-17,205.45961296371607,0.0006402586110811903
2021-03-18,204.94916237634374,-0.0024844327311298597
2021-03-19,204.48558605697173,-0.0022619088265447562
2021-03-20,202.34036331046033,-0.01049082621360764
2021-03-21,202.26318598140145,-0.00038142329981127876
2021-03-22,202.75684100981508,0.0024406568403358975
2021-03-23,203.54303095338838,0.003877501442899556
2021-03-24,202.5042688374076,-0.005103403005817686
2021-03-25,204.1384464452032,0.008069842760241697
2021-03-26,205.4642236989512,0.006494500555062732
2021-03-27,204.71048709362276,-0.0036684566868090407
2021-03-28,204.06863342116029,-0.0031354215486231185
2021-03-29,204.85769485144877,0.0038666472992936463
2021-03-30,204.79507997898884,-0.00030565057614917457
2021-03-31,204.3226708266699,-0.0023067407301357035
2021-04-01,203.7639273738136,-0.002734613102871486
2021-04-02,203.54279561752142,-0.001085235051867195
2021-04-03,204.80351346622186,0.006193871145748986
2021-04-04,204.37161806971702,-0.0021088280625423117
2021-04-05,204.273085161197,-0.0004821261848912961
2021-04-06,205.2842740224566,0.004950181569253864
2021-04-07,206.73831822913436,0.007083076448996195
2021-04-08,206.47905000799597,-0.0012540888566726638
2021-04-09,205.89625036686488,-0.002822560647719574
2021-04-10,206.22836289874738,0.0016130091310100347
2021-04-11,206.8893507438358,0.0032051257925804766
2021-04-12,206.00410529476127,-0.0042788352609341995
2021-04-13,208.55359191180784,0.012375901991849236
2021-04-14,207.9661053694573,-0.0028169572001377485
2021-04-15,208.89703348675192,0.004476345391191572
2021-04-16,208.18929976462155,-0.00338795487095922
2021-04-17,209.11843795907168,0.004462948842714809
2021-04-18,211.11890033424348,0.009566169270847968
2021-04-19,210.72328121844757,-0.001873916144739085
2021-04-20,209.01968120950642,-0.008084536265241193
2021-04-21,209.61121586790878,0.00283004286954891
2021-04-22,209.6980053392063,0.00041404974890379975
2021-04-23,208.0823488083921,-0.00770468239886557
2021-04-24,209.81854673839848,0.00834380205696883
2021-04-25,209.3789541034971,-0.002095108567544579
2021-04-26,208.1911488995419,-0.005672992345582495
2021-04-27,210.03617833375048,0.008862189598169978
2021-04-28,210.29772663523406,0.0012452535727820457
2021-04-29,210.8302604032732,0.0025322849493414346
2021-04-30,211.34696962661337,0.0024508304564621053
2021-05-01,213.48976925462046,0.010138776211425116
2021-05-02,213.6931828908111,0.0009528027357041946
2021-05-03,212.61156367077254,-0.005061552293838201
2021-05-04,209.9268023118708,-0.012627541571817225
2021-05-05,209.40844166943765,-0.002469244692552719
2021-05-06,211.01159828422396,0.007655644643576487
2021-05-07,210.3613446117938,-0.003081601569380532
2021-05-08,209.7741409753786,-0.002791404654209906
2021-05-09,211.25949052587845,0.007080708535348812
2021-05-10,211.83085109630045,0.0027045439189488096
2021-05-11,211.3107604891565,-0.002455216529850479
2021-05-12,211.66544800472914,0.0016785113770430016
2021-05-13,211.71815102865853,0.0002489920977948312
2021-05-14,212.21734838688766,0.0023578392112519886
2021-05-15,212.32652143237402,0.000514439777502762
2021-05-16,212.60582271539283,0.0013154328584794595
2021-05-17,211.41485033769283,-0.005601786265723829
2021-05-18,212.2319858635044,0.0038650810220113296
2021-05-19,212.77871125040141,0.0025760744059033502
2021-05-20,213.4115185685175,0.002974016124063228
2021-05-21,214.06895133912246,0.003080587097710419
2021-05-22,214.05227327535243,-7.790977470434335e-05
2021-05-23,213.7731299661972,-0.0013040894398544944
2021-05-24,210.62418536332012,-0.014730310602529828
2021-05-25,210.7744039734424,0.0007132068421447091
2021-05-26,207.8144463302462,-0.014043249974361904
2021-05-27,208.1908898770151,0.0018114407030715984
2021-05-28,208.9158827163034,0.003482346608521425
2021-05-29,209.59944083580612,0.003271929882090241
2021-05-30,209.4153933067509,-0.000878091698724548
2021-05-31,210.27816617076934,0.004119911389487196
2021-06-01,211.64780056630974,0.0065134408411575695
2021-06-02,211.4056508707623,-0.0011441162861108856
2021-06-03,211.30291913134295,-0.0004859460425783446
2021-06-04,212.58394555513868,0.0060625117204342605
2021-06-05,212.7877748287288,0.0009588178122192925
2021-06-06,215.16920973866573,0.011191596471431309
2021-06-07,214.9269303001583,-0.0011259949265124414
2021-06-08,215.29007596204949,0.0016896238241714823
2021-06-09,214.4282962583943,-0.004002877047649345
2021-06-10,214.72585250404194,0.001387672479983948
2021-06-11,214.26114261462465,-0.0021642009287565767
2021-06-12,212.64463731150363,-0.007544556532252389
2021-06-13,210.7306780982841,-0.009000740566129428
2021-06-14,211.11522628711677,0.0018248324937923943
2021-06-15,210.28457683466334,-0.003934578604594563
2021-06-16,210.17541197796407,-0.0005191291645944007
2021-06-17,210.10617856432359,-0.00032940776939094363
2021-06-18,209.6702904897664,-0.0020746085504751433
2021-06-19,211.36181711609464,0.008067555123699499
2021-06-20,211.1323860858615,-0.0010854894860556907
2021-06-21,210.54736985286974,-0.0027708502889455255
2021-06-22,209.55637629010386,-0.004706748716255094
2021-06-23,210.39614614304114,0.004007369605278477
2021-06-24,209.97798883905574,-0.001987476061947935
2021-06-25,211.20859948286707,0.005860664970720242
2021-06-26,211.73812681084704,0.0025071295831538
2021-06-27,211.2585348527113,-0.002265024090650214
2021-06-28,211.69827433294424,0.0020815229100188404
2021-06-29,212.2458628495164,0.0025866461042141076
2021-06-30,211.41753252338935,-0.003902692448306322
2021-07-01,211.66423078727365,0.0011668770368276071
2021-07-02,212.0241904999111,0.0017006166384305743
2021-07-03,212.11383851355927,0.00042281974258129296
2021-07-04,212.73518516804677,0.0029293074833860455
2021-07-05,212.6046680303634,-0.0006135192802275702
2021-07-06,214.19923905250425,0.007500169384395239
2021-07-07,216.75873499096855,0.011949136466525623
2021-07-08,216.36839691603285,-0.0018007951326711735
2021-07-09,214.47269378815548,-0.008761460337541993
2021-07-10,214.87196952230482,0.001861662326784197
2021-07-11,215.34453012271086,0.0021992659231291345
2021-07-12,215.51915579181977,0.000810912954275711
2021-07-13,214.28290944082627,-0.005736132115270798
2021-07-14,214.67532657040277,0.0018313039084663085
2021-07-15,215.55093341600374,0.004078749335517218
2021-07-16,214.74751365516468,-0.003727284999914593
2021-07-17,216.60611705116781,0.008654830802780067
2021-07-18,215.7973860256348,-0.003733648137656087
2021-07-19,216.60457916487954,0.0037405139798534215
2021-07-20,216.49169511286993,-0.0005211526572744818
2021-07-21,215.06595345135307,-0.0065856644559669775
2021-07-22,215.0981736723694,0.00014981553564963335
2021-07-23,215.01520700529872,-0.0003857153487367704
2021-07-24,217.70890498515763,0.01252794170875804
2021-07-25,218.83665785366773,0.005180095267977247
2021-07-26,220.78909814909952,0.008921906935433821
2021-07-27,222.33706116376675,0.00701104822495302
2021-07-28,222.4302738901778,0.00041924061568132664
2021-07-29,221.85969919051675,-0.002565184539325638
2021-07-30,223.7182724685591,0.008377246001971539
2021-07-31,222.66041272706144,-0.00472853526815209
2021-08-01,222.7502503177125,0.0004034735656452959
2021-08-02,222.2079095262821,-0.0024347482916713403
2021-08-03,222.96356210630742,0.0034006556365895335
2021-08-04,225.0076471153513,0.009167798494667423
2021-08-05,224.84710707501736,-0.0007134870409609695
2021-08-06,223.8601106671212,-0.004389633563605777
2021-08-07,224.95664950228462,0.004898321688020513
2021-08-08,223.42654671989857,-0.006801767299483674
2021-08-09,223.8234988328903,0.0017766559919549785
2021-08-10,223.2653676392354,-0.002493621968047255
2021-08-11,223.83020080963828,0.0025298736493497564
2021-08-12,224.32457469176987,0.002208700525413221
2021-08-13,223.3719550643232,-0.004246612876701583
2021-08-14,225.3038354957743,0.008648715237751237
2021-08-15,226.75216717894006,0.006428348989171662
2021-08-16,225.90365650782064,-0.003742017911783857
2021-08-17,224.82282548871666,-0.004784477753978167
2021-08-18,224.46933616259628,-0.0015723017685236318
2021-08-19,223.20628498880257,-0.005626831688399614
2021-08-20,222.18569787488966,-0.004572394159797599
2021-08-21,223.28424487860823,0.00494427415547305
2021-08-22,223.3627117047085,0.0003514212395188121
2021-08-23,224.16215648356393,0.0035791326705969517
2021-08-24,226.35839880700647,0.009797560649375647
2021-08-25,226.28916959726055,-0.0003058389267232009
2021-08-26,225.79554854312278,-0.0021813728647124275
2021-08-27,225.80733129150912,5.218326252376393e-05
2021-08-28,226.8874055715445,0.004783167463420668
2021-08-29,227.16658389272015,0.0012304707723744812
2021-08-30,225.35618606249687,-0.007969472442647008
2021-08-31,224.72564471747802,-0.0027979766432680853
2021-09-01,223.3023426027553,-0.00633350998508464
2021-09-02,222.28232709705264,-0.004567867465310016
2021-09-03,220.78677063549668,-0.006728184291965644
2021-09-04,221.33756547145475,0.002494691300446661
2021-09-05,222.1978359562368,0.0038866899206631
2021-09-06,222.07727295872357,-0.000542593031990446
2021-09-07,221.05315333188264,-0.004611546301864333
2021-09-08,221.20576651948818,0.0006903913620106561
2021-09-09,221.2552491961035,0.00022369523812115766
2021-09-10,220.33552804408095,-0.004156833138938998
2021-09-11,219.52486862203503,-0.0036792042991983243
2021-09-12,219.43113623534097,-0.00042697844341021973
2021-09-13,219.18675303944633,-0.0011137124844148305
2021-09-14,218.604583033443,-0.002656045577255184
2021-09-15,218.62015238338466,7.122151661054232e-05
2021-09-16,218.7267869266291,0.0004877617277361246
2021-09-17,219.3862643316545,0.0030150738018503986
2021-09-18,220.55950124456234,0.00534781389565131
2021-09-19,220.22550533649922,-0.001514312039057275
2021-09-20,220.66914744590719,0.0020144901415033445
2021-09-21,221.39428373059351,0.0032860791509790044
2021-09-22,219.69754605922788,-0.0076638729906429726
2021-09-23,219.72200298127052,0.00011132087035714555
2021-09-24,219.4212550249322,-0.001368765768824498
2021-09-25,219.7056659214003,0.001296186627115059
2021-09-26,221.7281831682387,0.009205576189200038
2021-09-27,221.48243366071347,-0.0011083368113775638
2021-09-28,222.27419281174252,0.003574816918627155
2021-09-29,223.28390128927592,0.0045426257756724375
2021-09-30,223.8640303166702,0.0025981677319526497
2021-10-01,224.45398832886235,0.0026353407975261423
2021-10-02,223.34209254617045,-0.0049537804650759965
2021-10-03,223.24015095858277,-0.0004564369681752112
2021-10-04,223.295228453421,0.0002467185880394851
2021-10-05,223.1547614721857,-0.0006290639625763372
2021-10-06,222.47142328996853,-0.0030621716413715694
2021-10-07,223.144816480463,0.003026875005050833
2021-10-08,223.13244081109838,-5.5460259215545094e-05
2021-10-09,221.7974069436398,-0.005983145537267753
2021-10-10,221.2047525847637,-0.002672052694586702
2021-10-11,219.7780540817642,-0.006449673826301683
2021-10-12,218.32936089780958,-0.006591618940331778
2021-10-13,219.03550172152205,0.003234291626232455
2021-10-14,219.5098007138714,0.002165397794519963
2021-10-15,221.14835496173774,0.007464606329820045
2021-10-16,219.92002678691273,-0.005554317485370941
2021-10-17,220.45787275647112,0.002445643434190403
2021-10-18,220.97300008916548,0.0023366247993483746
2021-10-19,221.55114811691269,0.002616374070650851
2021-10-20,222.253347921651,0.003169470394112972
2021-10-21,222.8272495979787,0.00258219586653885
2021-10-22,222.89353897864652,0.000297492253696241
2021-10-23,222.1501008097626,-0.0033353957781393495
2021-10-24,223.17337380745758,0.004606223422654487
2021-10-25,220.68020667958584,-0.011171436293393677
2021-10-26,219.69347379795053,-0.004471324802899024
2021-10-27,219.7991114773442,0.0004808412264938333
2021-10-28,218.77215074397833,-0.004672269721489486
2021-10-29,219.03848166665685,0.001217389515862921
2021-10-30,218.10208003367168,-0.004275055350366319
2021-10-31,219.50581656472124,0.0064361446293077496
2021-11-01,218.95774916222388,-0.0024968240526590524
2021-11-02,218.15268426632568,-0.003676804767031694
2021-11-03,217.76687419602044,-0.0017685323084736249
2021-11-04,218.15191356039858,0.001768126423266514
2021-11-05,217.4926604258697,-0.0030219910692937946
2021-11-06,216.26873138678428,-0.005627449849060939
2021-11-07,215.86643500532668,-0.0018601689614488048
2021-11-08,214.7033962452178,-0.005387770266740088
2021-11-09,214.4296419150345,-0.0012750349317746101
2021-11-10,214.18465632381157,-0.0011424987190903346
2021-11-11,213.46054479270964,-0.003380781534636168
2021-11-12,214.0709387909304,0.0028595167262104315
2021-11-13,215.07230378519318,0.004677725056555948
2021-11-14,213.21609054701602,-0.008630647486954413
2021-11-15,215.0285172241255,0.008500421672959169
2021-11-16,215.0941983420105,0.00030545305679874346
2021-11-17,215.35496892411922,0.0012123552569933693
2021-11-18,213.9687913800985,-0.006436710287883507
2021-11-19,211.87654929197873,-0.009778258196556644
2021-11-20,213.69340688345352,0.008575076371340362
2021-11-21,213.92844781063363,0.0010998978892611255
2021-11-22,215.13549307819076,0.0056422849785064955
2021-11-23,215.7791012889583,0.0029916412283192972
2021-11-24,214.62909941534585,-0.00532953315099971
2021-11-25,214.50759108761952,-0.0005661316571580199
2021-11-26,214.56996304479475,0.0002907680649388844
2021-11-27,214.56927367000344,-3.2128205715853397e-06
2021-11-28,214.4449733916989,-0.0005793013891434162
2021-11-29,215.16844564218874,0.0033736964734927266
2021-11-30,214.2859035028883,-0.004101633660393067
2021-12-01,213.2649376582374,-0.004764503067917092
2021-12-02,212.77599578357356,-0.00229265007193713
2021-12-03,213.04790117684632,0.0012778950570595526
2021-12-04,212.39588594204739,-0.0030604161373911642
2021-12-05,212.14716142331915,-0.0011710420737438554
2021-12-06,213.01766840514472,0.0041033166599320214
2021-12-07,213.6362863610765,0.002904068759006506
2021-12-08,213.12087159474564,-0.00241258062995775
2021-12-09,210.3473899463871,-0.013013655713797867
2021-12-10,209.098348504873,-0.0059379935345641455
2021-12-11,209.00083270176754,-0.00046636333477878544
2021-12-12,209.49996287951748,0.0023881731536552486
2021-12-13,208.54338216860074,-0.004566018522241255
2021-12-14,208.99974201057998,0.0021883209010693516
2021-12-15,208.5452895980214,-0.002174416141315416
2021-12-16,208.96748586145029,0.002024482376191239
2021-12-17,207.66793572647495,-0.006218910705739988
2021-12-18,207.41918630957667,-0.0011978229379903116
2021-12-19,207.19361573713192,-0.0010875106418944958
2021-12-20,207.60959557858743,0.0020076865784477427
2021-12-21,206.87251328054094,-0.003550328663722513
2021-12-22,207.04538954776928,0.0008356657174357629
2021-12-23,205.83928079765175,-0.005825334979696617
2021-12-24,205.39590425106104,-0.0021539938580846796
2021-12-25,202.9767183389551,-0.01177816043083757
2021-12-26,202.2790502777408,-0.0034371826824456386
2021-12-27,201.1616314332523,-0.005524145199189978
2021-12-28,201.61209124958322,0.002239292916454527
2021-12-29,200.86769434468053,-0.0036922235183859398
2021-12-30,201.1954844023874,0.0016318704646671733
2021-12-31,201.4758086467166,0.0013932929218656298
2022-01-01,201.1043908203854,-0.0018434859689903105
2022-01-02,201.3077110107091,0.001011018155766319
2022-01-03,203.4488154655441,0.010635978344222918
2022-01-04,203.02482714925517,-0.0020840048408182765
2022-01-05,201.80265745970684,-0.006019804113168159
2022-01-06,201.19008403884962,-0.0030355072057439703
2022-01-07,201.4574378218365,0.0013288616298567923
2022-01-08,201.93737356488424,0.0023823183111868484
2022-01-09,201.7856633856931,-0.0007512734097355755
2022-01-10,201.69655362829894,-0.0004416059887457635
2022-01-11,201.55175463555685,-0.0007179051408530146
2022-01-12,199.07199355690094,-0.012303346518316216
2022-01-13,199.59144032891157,0.002609341287689304
2022-01-14,199.7303429992368,0.0006959350065129932
2022-01-15,200.16149227953653,0.0021586568862066446
2022-01-16,201.12467838171602,0.004812044970339935
2022-01-17,201.80783898719872,0.003396702040642241
2022-01-18,202.88677816191506,0.00534636900197305
2022-01-19,202.90265187369113,7.823926191674602e-05
2022-01-20,202.37620576359444,-0.002594574813267636
2022-01-21,202.95631032027214,0.0028664662156743237
2022-01-22,201.41812970352407,-0.007578875543809205
2022-01-23,202.62232295717536,0.005978574299263961
2022-01-24,202.28886063923034,-0.001645733367766633
2022-01-25,202.6765968963754,0.001916745469423331
2022-01-26,201.9955124738888,-0.0033604492719740975
2022-01-27,202.01914595784802,0.00011700004455428292
2022-01-28,202.83962990116305,0.004061416750500646
2022-01-29,201.8408808822136,-0.004923835738785853
2022-01-30,200.51676461968628,-0.006560198591780919
2022-01-31,200.3364841282314,-0.0008990793951658693
2022-02-01,199.3560344514539,-0.004894014592718654
2022-02-02,200.75697613476,0.007027335225446851
2022-02-03,200.50645741210406,-0.0012478705720680994
2022-02-04,200.39469194548388,-0.0005574157962925375
2022-02-05,200.328238688493,-0.0003316118622990194
2022-02-06,199.40660496903274,-0.004600618093055675
2022-02-07,198.45892140844867,-0.004752518406956674
2022-02-08,200.56533800024275,0.010613866974812591
2022-02-09,202.3681666958138,0.008988735110195822
2022-02-10,201.91497312618966,-0.002239450883129046
2022-02-11,201.9131344277791,-9.106300449590599e-06
2022-02-12,202.51575812888333,0.0029845690960721427
2022-02-13,202.05005642185856,-0.002299582567438563
2022-02-14,201.00691410107316,-0.005162791534229605
2022-02-15,201.0322838386408,0.00012621325829065277
2022-02-16,201.48334423364207,0.002243721189395087
2022-02-17,202.73698452898037,0.0062220542353346175
2022-02-18,204.2451619136266,0.007439083639081412
2022-02-19,204.52060568304697,0.001348593850839297
2022-02-20,205.1761769687414,0.0032054045777196727
2022-02-21,205.2698172344219,0.00045638956268678754
2022-02-22,206.7745861755311,0.007330687781490708
2022-02-23,205.77022372936594,-0.004857281858190121
2022-02-24,206.9672249808173,0.005817174272142012
2022-02-25,205.74770852639517,-0.0058923167884922245
2022-02-26,206.11645222716004,0.0017922129165173217
2022-02-27,207.07326656890837,0.004642105622378212
2022-02-28,207.06704879341774,-3.0026934879856526e-05
2022-03-01,206.78664807666004,-0.0013541542142585516
2022-03-02,207.59770163352204,0.003922175654983873
2022-03-03,207.5888789506035,-4.249894314400926e-05
2022-03-04,206.72411961337957,-0.004165730561268122
2022-03-05,205.78825327674264,-0.004527126967028394
2022-03-06,205.06331180598457,-0.003522754380849813
2022-03-07,205.51244505239697,0.002190217462387123
2022-03-08,204.39855319965034,-0.005420070071487149
2022-03-09,204.9839010875728,0.002863757491232022
2022-03-10,204.1051967203582,-0.004286699406892414
2022-03-11,204.37273797105402,0.0013108007782005604
2022-03-12,203.74705116808533,-0.003061498364117954
2022-03-13,203.0492852642296,-0.0034246674975437763
2022-03-14,203.0888825194298,0.00019501302429447698
2022-03-15,202.52580320743775,-0.0027725757560272957
2022-03-16,202.9614402274792,0.002151019836199586
2022-03-17,202.3272911070181,-0.0031244807868446856
2022-03-18,200.424674031351,-0.009403660105649081
2022-03-19,198.4297982821261,-0.00995324432416378
2022-03-20,196.96718901513597,-0.00737091545550328
2022-03-21,197.77750794129815,0.00411397923793233
2022-03-22,197.86438500129066,0.0004392666329797734
2022-03-23,196.76927567416212,-0.005534646000700971
2022-03-24,196.3221527459886,-0.002272320852133025
2022-03-25,197.29088985967755,0.004934425892030303
2022-03-26,195.99259673810604,-0.0065806035062992985
2022-03-27,196.46232646002557,0.002396670740309581
2022-03-28,197.200670908638,0.0037581986425405667
2022-03-29,195.72820317063952,-0.007466849535621822
2022-03-30,195.45177999183827,-0.0014122807767271706
2022-03-31,193.79569555981448,-0.008473110002338857
2022-04-01,194.59823734914647,0.00414117448281659
2022-04-02,194.04623492064047,-0.002836626045669699
2022-04-03,192.7097924346504,-0.0068872373975028545
2022-04-04,192.75601919357976,0.00023987758144161653
2022-04-05,192.6032146429235,-0.0007927355591568208
2022-04-06,192.91019385592102,0.0015938426238972792
2022-04-07,191.4713208437165,-0.007458771273016085
2022-04-08,193.31108995572404,0.009608588397993945
2022-04-09,193.65400205423987,0.00177388735739048
2022-04-10,192.7448997477494,-0.004694466919593188
2022-04-11,194.19177380575127,0.007506678827275959
2022-04-12,194.27266236333068,0.000416539568047547
2022-04-13,193.4483276149812,-0.0042431844929772256
2022-04-14,193.07909666133236,-0.001908679998432028
2022-04-15,193.5133309392897,0.0022489968384251657
2022-04-16,194.01042904829484,0.002568805500852589
2022-04-17,194.54185378172286,0.002739155498159951
2022-04-18,194.8457017292242,0.0015618641520824816
2022-04-19,195.63911427655142,0.004072004361840298
2022-04-20,195.53160959548242,-0.0005495050489598974
2022-04-21,195.237160455039,-0.0015058902294753373
2022-04-22,195.14042182843772,-0.000495492898871408
2022-04-23,196.24579746823633,0.005664513940481397
2022-04-24,196.48612962103087,0.0012246486594620354
2022-04-25,194.80132160529465,-0.008574691857312078
2022-04-26,193.6724045950759,-0.005795222542207101
2022-04-27,192.66131228076648,-0.005220631800505471
2022-04-28,192.73238917043676,0.0003689214447304412
2022-04-29,194.31999252972818,0.008237345918477024
2022-04-30,192.71726523819032,-0.008247876457141534
2022-05-01,191.03652215217747,-0.0087212896256883
2022-05-02,189.42826883494004,-0.008418564676111018
2022-05-03,189.29946955320753,-0.000679936962548866
2022-05-04,188.6542024989677,-0.003408710313678287
2022-05-05,189.41452167172096,0.004030226534484038
2022-05-06,187.5524579425423,-0.00983062815218494
2022-05-07,187.88637620925178,0.001780399309998737
2022-05-08,187.2390425493855,-0.0034453464531422062
2022-05-09,188.28803381576165,0.005602417380976998
2022-05-10,188.31208581176634,0.0001277404385040537
2022-05-11,187.5721094515509,-0.003929521342327047
2022-05-12,186.21668643570092,-0.007226143693820686
2022-05-13,187.35331275444582,0.006103783396110174
2022-05-14,186.83387349660694,-0.002772511733057481
2022-05-15,185.5452344609982,-0.006897245191633594
2022-05-16,184.61941419844257,-0.004989728058740428
2022-05-17,184.68860882758955,0.00037479606057355674
2022-05-18,184.86556723259562,0.0009581446637636493
2022-05-19,184.21012615463712,-0.003545501132365181
2022-05-20,183.96103145027126,-0.0013522313325856627
2022-05-21,183.50211822981922,-0.0024946219144030835
2022-05-22,184.6064398878274,0.006018032209443636
2022-05-23,183.87583730768264,-0.003957622391660309
2022-05-24,182.9655144596159,-0.004950747533747468
2022-05-25,181.82565598094567,-0.0062299088548831705
2022-05-26,181.5024377264097,-0.0017776273254299646
2022-05-27,182.26466673181807,0.004199552441038312
2022-05-28,182.2257326936416,-0.0002136126484337808
2022-05-29,182.13210679230224,-0.0005137907800143449
2022-05-30,183.14301122412044,0.005550391139828026
2022-05-31,183.8792206637928,0.004019860953205834
2022-06-01,184.0490913963267,0.0009238169050351797
2022-06-02,185.96047075135095,0.010385160505401947
2022-06-03,184.41115361881123,-0.008331432622642354
2022-06-04,185.63093844543542,0.006614485093160649
2022-06-05,186.31160822950642,0.003666790621063898
2022-06-06,185.01875150576248,-0.006939217239493423
2022-06-07,186.18674919329698,0.006312861145310045
2022-06-08,187.3502874481611,0.00624930753614561
2022-06-09,187.1676958226228,-0.0009746001889047173
2022-06-10,186.3429963631951,-0.004406206187467454
2022-06-11,185.76275894688848,-0.0031138139218053196
2022-06-12,187.08252505732958,0.007104578538362549
2022-06-13,187.55180651232234,0.002508419505504067
2022-06-14,186.48150725003492,-0.005706685966882952
2022-06-15,187.92447439423617,0.007737856506417673
2022-06-16,188.86089087485513,0.004982940533091451
2022-06-17,187.66228932481238,-0.006346478323227767
2022-06-18,187.93516959270036,0.001454102840105831
2022-06-19,187.93810925023587,1.5641870235727495e-05
2022-06-20,188.03709311188527,0.0005266832897505846
2022-06-21,188.71692702715188,0.0036154245102166804
2022-06-22,189.1570110490547,0.0023319795888765427
2022-06-23,190.0676953884629,0.004814436083323548
2022-06-24,189.90761704859415,-0.0008422175033037105
2022-06-25,189.5834096972775,-0.001707184558235486
2022-06-26,189.45969890767785,-0.0006525401658150631
2022-06-27,186.6133503900488,-0.015023503858813014
2022-06-28,186.36522274765008,-0.0013296350013548563
2022-06-29,187.62630423108476,0.00676672109121057
2022-06-30,186.94797075288454,-0.0036153431736563046
2022-07-01,185.61199398542476,-0.0071462490985031435
2022-07-02,186.08087515614682,0.0025261361653108327
2022-07-03,188.5085178924946,0.013046170028546245
2022-07-04,188.04393421649462,-0.0024645235196477655
2022-07-05,188.49092474161552,0.0023770536762237615
2022-07-06,188.01579911094834,-0.0025206817321230535
2022-07-07,186.75753145331805,-0.0066923506619130935
2022-07-08,186.30550590648804,-0.002420387243890154
2022-07-09,185.87270948805917,-0.0023230468489003897
2022-07-10,185.52159570552897,-0.001889001260579115
2022-07-11,184.36699156931277,-0.006223556518179407
2022-07-12,183.04008102699146,-0.007197115552121325
2022-07-13,181.576262253847,-0.007997258113804029
2022-07-14,181.4892798068244,-0.0004790408500698895
2022-07-15,181.47923035714678,-5.537213927087059e-05
2022-07-16,182.43110273687762,0.0052450761327209605
2022-07-17,183.2944990391128,0.004732725337304178
2022-07-18,182.4205569821113,-0.004767966641568533
2022-07-19,181.78724657556282,-0.0034717052563905115
2022-07-20,181.04571665686328,-0.004079108588023628
2022-07-21,179.67046173549957,-0.007596174859912486
2022-07-22,179.0970542229992,-0.003191440078472718
2022-07-23,177.5665364720153,-0.008545744973997182
2022-07-24,175.76595019172592,-0.010140346914820575
2022-07-25,176.4744126015683,0.004030714760564269
2022-07-26,176.39133919821444,-0.00047073908409267506
2022-07-27,175.5505371752137,-0.004766685409967497
2022-07-28,176.0185439794146,0.0026659377506421666
2022-07-29,176.5583103774058,0.0030665314334967775
2022-07-30,177.87465051464284,0.007455554680055876
2022-07-31,177.4099481400574,-0.0026125272670440847
2022-08-01,177.51266898666896,0.0005790027430168099
2022-08-02,177.07854301673933,-0.0024456055582277036
2022-08-03,176.44901189812762,-0.003555095427638544
2022-08-04,177.36751494137266,0.005205487032000633
2022-08-05,177.75029512270768,0.0021581188723400757
2022-08-06,176.68645028006213,-0.005985052468751917
2022-08-07,176.67541506049835,-6.245651291481025e-05
2022-08-08,177.23600611739366,0.0031729998013778626
2022-08-09,177.01709673054157,-0.0012351293151295906
2022-08-10,176.9029633381233,-0.0006447591477110048
2022-08-11,179.13911926004357,0.01264057921769357
2022-08-12,178.2665114313561,-0.004871118225275972
2022-08-13,177.61539116103822,-0.0036525103065619957
2022-08-14,179.0302184671388,0.007965679645508983
2022-08-15,179.12138457252732,0.0005092218853837149
2022-08-16,178.95179390899847,-0.0009467918302081824
2022-08-17,177.69441729990078,-0.007026342578812628
2022-08-18,177.98669861781855,0.0016448536896038757
2022-08-19,178.49682586245618,0.002866097571330384
2022-08-20,179.5927721450032,0.006139864265102046
2022-08-21,180.8620489668835,0.007067527310372412
2022-08-22,181.18839848277435,0.001804411250204252
2022-08-23,180.53366905609397,-0.0036135284166255444
2022-08-24,179.33849044827087,-0.006620253241802487
2022-08-25,180.81342039581088,0.008224279929273992
2022-08-26,180.23931154352485,-0.003175145135959845
2022-08-27,181.39876297326188,0.006432844310199526
2022-08-28,182.12324399507006,0.003993858667685313
2022-08-29,181.87755032561503,-0.0013490516864594904
2022-08-30,183.27179085311064,0.007665819805685148
2022-08-31,183.22630159790418,-0.0002482065297376712
2022-09-01,184.4980714142522,0.0069409784799288055
2022-09-02,184.27512511366353,-0.0012083936643872972
2022-09-03,183.98168054349492,-0.0015924263786966097
2022-09-04,183.89487657328908,-0.0004718076818811534
2022-09-05,185.9707599267978,0.011288424083317983
2022-09-06,186.38934120707242,0.0022507908256081954
2022-09-07,186.38091654467527,-4.519927128121548e-05
2022-09-08,184.81178988503282,-0.008418923400166478
2022-09-09,184.123815886642,-0.003722565529064914
2022-09-10,182.87003771917134,-0.00680942962991038
2022-09-11,180.8411968149295,-0.01109444132864168
2022-09-12,179.99370884590064,-0.004686365628823852
2022-09-13,181.92450105895227,0.010726998323617343
2022-09-14,183.06251501134165,0.006255418845538596
2022-09-15,184.05778329315078,0.005436767225379002
2022-09-16,183.59865542054723,-0.0024944768126011763
2022-09-17,182.98408776743537,-0.0033473428860584242
2022-09-18,181.3291921555176,-0.009043931809092909
2022-09-19,182.1972524781993,0.004787206694977009
2022-09-20,181.87080338206,-0.0017917344619582387
2022-09-21,181.64771851034507,-0.0012266117901633677
2022-09-22,182.29940783809494,0.0035876549019950854
2022-09-23,181.18623969477784,-0.006106263078516028
2022-09-24,182.17112282318521,0.005435750143424123
2022-09-25,180.55102061206085,-0.00889329870737432
2022-09-26,178.98761731906296,-0.008659066493770129
2022-09-27,179.96167981967716,0.005442066413331004
2022-09-28,180.27712650646245,0.0017528547583094412
2022-09-29,180.4606166362581,0.0010178225787789152
2022-09-30,178.5036083535249,-0.01084451732024061
2022-10-01,179.26506689253458,0.004265787935791243
2022-10-02,180.60201542284935,0.007457942328028988
2022-10-03,180.2219501793258,-0.002104435228110213
2022-10-04,179.7513069384966,-0.0026114645877535203
2022-10-05,181.4844568189278,0.009641932011232646
2022-10-06,180.6723952183341,-0.004474551787120529
2022-10-07,178.53181501165298,-0.011847854256286983
2022-10-08,179.03604663666613,0.002824323636547499
2022-10-09,178.23159815532875,-0.004493220758889471
2022-10-10,178.95601332559448,0.004064459825100064
2022-10-11,178.25804614034402,-0.0039002164402297534
2022-10-12,177.97529973070613,-0.0015861635183372913
